observation_date,CSUSHPISA_x,MEHOINUSA672N_x,WPUSI012011_x,CSUSHPISA_y,MEHOINUSA672N_y,WPUSI012011_y,UNRATE_x,HOUST_x,CPIAUCSL_x,FEDFUNDS_x,POPTHM_x,A939RX0Q048SBEA_x,UNRATE_y,HOUST_y,CPIAUCSL_y,FEDFUNDS_y,POPTHM_y,A939RX0Q048SBEA_y
2005-01-01,165.81400000000002,69310.0,170.0,182.321,70080.0,177.2,4.7,2273.0,199.3,4.29,297526.0,54927.0,5.2,1864.0,193.1,2.63,295149.0,53719.0
2005-03-01,165.81400000000002,69380.0,170.0,182.321,70080.0,177.2,4.7,2273.0,199.3,4.29,297526.0,54927.0,5.2,1864.0,193.1,2.63,295149.0,53793.5
2005-04-01,167.503,69450.0,170.0,182.321,70080.0,177.2,4.7,2273.0,199.3,4.29,297526.0,54927.0,5.2,2061.0,193.7,2.79,295359.0,53868.0
2005-05-01,169.352,69520.0,168.1,182.321,70080.0,177.2,4.7,2273.0,199.3,4.29,297526.0,54927.0,5.1,2025.0,193.6,3.0,295582.0,53963.0
2005-06-01,171.192,69590.0,167.8,182.321,70080.0,177.2,4.7,2273.0,199.3,4.29,297526.0,54927.0,5.0,2068.0,193.7,3.04,295824.0,54058.0
2005-07-01,172.861,69660.0,167.2,182.321,70080.0,177.2,4.7,2273.0,199.3,4.29,297526.0,54927.0,5.0,2054.0,194.9,3.26,296077.0,54153.0
2005-08-01,174.44299999999998,69730.0,165.9,182.321,70080.0,177.2,4.7,2273.0,199.3,4.29,297526.0,54927.0,4.9,2095.0,196.1,3.5,296338.0,54207.666666666664
2005-09-01,176.43900000000002,69800.0,168.9,182.321,70080.0,177.2,4.7,2273.0,199.3,4.29,297526.0,54927.0,5.0,2151.0,198.8,3.62,296606.0,54262.333333333336
2005-10-01,178.028,69870.0,171.6,182.321,70080.0,177.2,4.7,2273.0,199.3,4.29,297526.0,54927.0,5.0,2065.0,199.1,3.78,296857.0,54317.0
2005-11-01,179.68200000000002,69940.0,172.7,182.321,70080.0,177.2,4.7,2273.0,199.3,4.29,297526.0,54927.0,5.0,2147.0,198.1,4.0,297089.0,54520.333333333336
2005-12-01,180.91099999999997,70010.0,173.5,182.321,70080.0,177.2,4.7,2273.0,199.3,4.29,297526.0,54927.0,4.9,1994.0,198.1,4.16,297311.0,54723.666666666664
2006-01-01,182.321,70080.0,177.2,182.321,70080.0,177.2,4.7,2273.0,199.3,4.29,297526.0,54927.0,4.7,2273.0,199.3,4.29,297526.0,54927.0
2006-02-01,183.288,70174.16666666667,177.7,182.504,70174.16666666667,177.52499999999998,4.691666666666666,2201.0,199.64475000000002,4.37,297765.3333333333,54954.75,4.8,2119.0,199.4,4.49,297734.0,54933.0
2006-03-01,184.365,70268.33333333333,178.3,182.687,70268.33333333333,177.85,4.683333333333334,2129.0,199.98950000000002,4.45,298004.6666666667,54982.5,4.7,1969.0,199.7,4.59,297950.0,54939.0
2006-04-01,184.329,70362.5,179.0,182.87,70362.5,178.17499999999998,4.675,2057.0,200.33425,4.53,298244.0,55010.25,4.7,1821.0,200.7,4.79,298170.0,54945.0
2006-05-01,184.155,70456.66666666667,179.9,183.053,70456.66666666667,178.5,4.666666666666667,1985.0,200.679,4.61,298483.3333333333,55038.0,4.6,1942.0,201.3,4.94,298401.0,54925.333333333336
2006-06-01,183.507,70550.83333333333,180.7,183.236,70550.83333333333,178.825,4.658333333333333,1913.0,201.02375,4.69,298722.6666666667,55065.75,4.6,1802.0,201.8,4.99,298653.0,54905.666666666664
2006-07-01,183.06599999999997,70645.0,182.3,183.41899999999998,70645.0,179.14999999999998,4.65,1841.0,201.3685,4.77,298962.0,55093.5,4.7,1737.0,202.9,5.24,298910.0,54886.0
2006-08-01,182.593,70739.16666666667,182.6,183.602,70739.16666666667,179.475,4.641666666666667,1769.0,201.71325000000002,4.85,299201.3333333333,55121.25,4.7,1650.0,203.8,5.25,299178.0,54996.0
2006-09-01,182.797,70833.33333333333,183.3,183.785,70833.33333333333,179.79999999999998,4.633333333333333,1697.0,202.05800000000002,4.93,299440.6666666667,55149.0,4.5,1720.0,202.8,5.25,299452.0,55106.0
2006-10-01,183.197,70927.5,182.3,183.968,70927.5,180.125,4.625,1625.0,202.40275000000003,5.01,299680.0,55176.75,4.4,1491.0,201.9,5.25,299710.0,55216.0
2006-11-01,183.607,71021.66666666667,179.8,184.151,71021.66666666667,180.45,4.616666666666666,1553.0,202.7475,5.09,299919.3333333333,55204.5,4.5,1570.0,202.0,5.25,299950.0,55230.666666666664
2006-12-01,184.139,71115.83333333333,179.8,184.334,71115.83333333333,180.775,4.608333333333333,1481.0,203.09225,5.17,300158.6666666667,55232.25,4.4,1649.0,203.1,5.24,300178.0,55245.333333333336
2007-01-01,184.517,71210.0,181.1,184.517,71210.0,181.1,4.6,1409.0,203.437,5.25,300398.0,55260.0,4.6,1409.0,203.437,5.25,300398.0,55260.0
2007-02-01,184.599,71007.5,181.5,183.56825,71007.5,181.36666666666667,4.633333333333333,1381.9166666666667,204.16508333333334,5.140833333333333,300638.1666666667,55279.75,4.5,1480.0,204.226,5.26,300608.0,55331.333333333336
2007-03-01,184.15,70805.0,182.5,182.6195,70805.0,181.63333333333333,4.666666666666666,1354.8333333333333,204.89316666666667,5.031666666666666,300878.3333333333,55299.5,4.4,1495.0,205.288,5.26,300823.0,55402.666666666664
2007-04-01,183.01,70602.5,183.7,181.67075,70602.5,181.9,4.699999999999999,1327.75,205.62125,4.9225,301118.5,55319.25,4.5,1490.0,205.904,5.25,301045.0,55474.0
2007-05-01,181.601,70400.0,184.0,180.722,70400.0,182.16666666666666,4.733333333333333,1300.6666666666667,206.34933333333333,4.8133333333333335,301358.6666666667,55339.0,4.4,1415.0,206.755,5.25,301278.0,55532.333333333336
2007-06-01,180.253,70197.5,184.0,179.77325,70197.5,182.43333333333334,4.766666666666667,1273.5833333333333,207.07741666666666,4.704166666666667,301598.8333333333,55358.75,4.6,1448.0,207.234,5.25,301528.0,55590.666666666664
2007-07-01,179.11,69995.0,184.2,178.8245,69995.0,182.7,4.8,1246.5,207.8055,4.595,301839.0,55378.5,4.7,1354.0,207.603,5.26,301790.0,55649.0
2007-08-01,178.116,69792.5,183.9,177.87575,69792.5,182.96666666666667,4.833333333333333,1219.4166666666667,208.53358333333335,4.485833333333333,302079.1666666667,55398.25,4.6,1330.0,207.667,5.02,302064.0,55718.333333333336
2007-09-01,177.55700000000002,69590.0,183.4,176.927,69590.0,183.23333333333335,4.866666666666666,1192.3333333333333,209.26166666666668,4.376666666666667,302319.3333333333,55418.0,4.7,1183.0,208.547,4.94,302334.0,55787.666666666664
2007-10-01,176.623,69387.5,183.0,175.97825,69387.5,183.5,4.9,1165.25,209.98975000000002,4.2675,302559.5,55437.75,4.7,1264.0,209.19,4.76,302590.0,55857.0
2007-11-01,175.146,69185.0,183.3,175.0295,69185.0,183.76666666666668,4.933333333333334,1138.1666666666667,210.71783333333335,4.158333333333333,302799.6666666667,55457.5,4.7,1197.0,210.834,4.49,302834.0,55737.0
2007-12-01,174.34099999999998,68982.5,183.5,174.08075,68982.5,184.03333333333333,4.966666666666667,1111.0833333333335,211.44591666666668,4.049166666666666,303039.8333333333,55477.25,5.0,1037.0,211.445,4.24,303062.0,55617.0
2008-01-01,173.132,68780.0,184.3,173.132,68780.0,184.3,5.0,1084.0,212.174,3.94,303280.0,55497.0,5.0,1084.0,212.174,3.94,303280.0,55497.0
2008-02-01,171.54,68743.33333333333,185.7,171.32983333333334,68743.33333333333,185.05,5.233333333333333,1034.5,212.15391666666667,3.6241666666666665,303509.5833333333,55307.333333333336,4.9,1103.0,212.687,2.98,303494.0,55566.333333333336
2008-03-01,170.05200000000002,68706.66666666667,187.8,169.52766666666668,68706.66666666667,185.8,5.466666666666667,985.0,212.13383333333334,3.308333333333333,303739.1666666667,55117.666666666664,5.1,1005.0,213.448,2.61,303707.0,55635.666666666664
2008-04-01,168.33599999999998,68670.0,190.9,167.7255,68670.0,186.55,5.7,935.5,212.11375,2.9924999999999997,303968.75,54928.0,5.0,1013.0,213.942,2.28,303926.0,55705.0
2008-05-01,166.657,68633.33333333333,195.8,165.92333333333335,68633.33333333333,187.3,5.933333333333334,886.0,212.09366666666668,2.6766666666666667,304198.3333333333,54738.333333333336,5.4,973.0,215.208,1.98,304157.0,55562.666666666664
2008-06-01,165.016,68596.66666666667,200.4,164.12116666666668,68596.66666666667,188.05,6.166666666666666,836.5,212.07358333333335,2.360833333333333,304427.9166666667,54548.666666666664,5.6,1046.0,217.463,2.0,304396.0,55420.333333333336
2008-07-01,163.565,68560.0,203.4,162.31900000000002,68560.0,188.8,6.4,787.0,212.05349999999999,2.045,304657.5,54359.0,5.8,923.0,219.016,2.01,304646.0,55278.0
2008-08-01,161.987,68523.33333333333,206.5,160.51683333333332,68523.33333333333,189.55,6.633333333333333,737.5,212.03341666666665,1.7291666666666665,304887.0833333333,54169.333333333336,6.1,844.0,218.69,2.0,304903.0,54832.333333333336
2008-09-01,160.30700000000002,68486.66666666667,206.3,158.71466666666666,68486.66666666667,190.3,6.866666666666666,688.0,212.01333333333332,1.413333333333333,305116.6666666667,53979.666666666664,6.1,820.0,218.877,1.81,305158.0,54386.666666666664
2008-10-01,158.326,68450.0,201.8,156.9125,68450.0,191.05,7.1,638.5,211.99325,1.0974999999999997,305346.25,53790.0,6.5,777.0,216.995,0.97,305403.0,53941.0
2008-11-01,156.141,68413.33333333333,199.6,155.11033333333333,68413.33333333333,191.8,7.333333333333333,589.0,211.97316666666666,0.7816666666666663,305575.8333333333,53600.333333333336,6.8,652.0,213.153,0.39,305620.0,53701.0
2008-12-01,153.618,68376.66666666667,194.8,153.30816666666666,68376.66666666667,192.55,7.566666666666666,539.5,211.95308333333332,0.4658333333333329,305805.4166666667,53410.666666666664,7.3,560.0,211.398,0.16,305827.0,53461.0
2009-01-01,151.506,68340.0,193.3,151.506,68340.0,193.3,7.8,490.0,211.933,0.15,306035.0,53221.0,7.8,490.0,211.933,0.15,306035.0,53221.0
2009-02-01,150.014,68205.83333333333,191.2,151.16358333333335,68205.83333333333,193.05,7.966666666666667,500.3333333333333,212.39591666666666,0.14666666666666667,306257.5833333333,53259.5,8.3,582.0,212.705,0.22,306237.0,53153.0
2009-03-01,148.66,68071.66666666667,190.2,150.82116666666667,68071.66666666667,192.8,8.133333333333333,510.6666666666667,212.85883333333334,0.14333333333333334,306480.1666666667,53298.0,8.7,505.0,212.495,0.18,306438.0,53085.0
2009-04-01,147.94899999999998,67937.5,188.1,150.47875,67937.5,192.55,8.3,521.0,213.32175,0.13999999999999999,306702.75,53336.5,9.0,478.0,212.709,0.15,306645.0,53017.0
2009-05-01,147.69299999999998,67803.33333333333,186.9,150.13633333333334,67803.33333333333,192.3,8.466666666666667,531.3333333333334,213.78466666666665,0.13666666666666666,306925.3333333333,53375.0,9.4,540.0,213.022,0.18,306863.0,53038.333333333336
2009-06-01,148.088,67669.16666666667,187.1,149.7939166666667,67669.16666666667,192.05,8.633333333333333,541.6666666666666,214.24758333333332,0.13333333333333333,307147.9166666667,53413.5,9.5,585.0,214.79,0.21,307090.0,53059.666666666664
2009-07-01,148.408,67535.0,187.6,149.4515,67535.0,191.8,8.8,552.0,214.7105,0.13,307370.5,53452.0,9.5,594.0,214.726,0.16,307322.0,53081.0
2009-08-01,148.27700000000002,67400.83333333333,188.1,149.10908333333333,67400.83333333333,191.55,8.966666666666667,562.3333333333334,215.17341666666667,0.12666666666666668,307593.0833333333,53490.5,9.6,586.0,215.445,0.16,307570.0,53231.0
2009-09-01,148.025,67266.66666666667,189.3,148.76666666666668,67266.66666666667,191.3,9.133333333333333,572.6666666666666,215.63633333333334,0.12333333333333334,307815.6666666667,53529.0,9.8,585.0,215.861,0.15,307826.0,53381.0
2009-10-01,147.85,67132.5,189.7,148.42425000000003,67132.5,191.05,9.3,583.0,216.09924999999998,0.12,308038.25,53567.5,10.0,534.0,216.509,0.12,308071.0,53531.0
2009-11-01,148.136,66998.33333333333,189.2,148.08183333333335,66998.33333333333,190.8,9.466666666666667,593.3333333333334,216.56216666666666,0.11666666666666667,308260.8333333333,53606.0,9.9,588.0,217.234,0.12,308289.0,53581.666666666664
2009-12-01,147.931,66864.16666666667,189.4,147.73941666666667,66864.16666666667,190.55,9.633333333333335,603.6666666666666,217.02508333333333,0.11333333333333334,308483.4166666667,53644.5,9.9,581.0,217.347,0.12,308495.0,53632.333333333336
2010-01-01,147.39700000000002,66730.0,190.3,147.39700000000002,66730.0,190.3,9.8,614.0,217.488,0.11,308706.0,53683.0,9.8,614.0,217.488,0.11,308706.0,53683.0
2010-02-01,145.632,66648.33333333333,192.2,146.90683333333334,66648.33333333333,190.76666666666668,9.741666666666667,615.3333333333334,217.79625,0.115,308914.1666666667,53737.833333333336,9.8,604.0,217.281,0.13,308904.0,53822.0
2010-03-01,145.858,66566.66666666667,193.7,146.41666666666669,66566.66666666667,191.23333333333335,9.683333333333334,616.6666666666666,218.1045,0.12,309122.3333333333,53792.666666666664,9.9,636.0,217.353,0.16,309095.0,53961.0
2010-04-01,146.401,66485.0,196.5,145.9265,66485.0,191.70000000000002,9.625,618.0,218.41275000000002,0.125,309330.5,53847.5,9.9,687.0,217.403,0.2,309289.0,54100.0
2010-05-01,146.391,66403.33333333333,198.9,145.43633333333335,66403.33333333333,192.16666666666669,9.566666666666666,619.3333333333334,218.721,0.13,309538.6666666667,53902.333333333336,9.6,583.0,217.29,0.2,309485.0,54200.333333333336
2010-06-01,145.718,66321.66666666667,197.2,144.94616666666667,66321.66666666667,192.63333333333335,9.508333333333333,620.6666666666666,219.02925,0.135,309746.8333333333,53957.166666666664,9.4,536.0,217.199,0.18,309691.0,54300.666666666664
2010-07-01,144.986,66240.0,195.6,144.45600000000002,66240.0,193.10000000000002,9.45,622.0,219.3375,0.14,309955.0,54012.0,9.4,546.0,217.605,0.18,309913.0,54401.0
2010-08-01,143.911,66158.33333333333,194.1,143.96583333333334,66158.33333333333,193.56666666666666,9.391666666666667,623.3333333333334,219.64575000000002,0.14500000000000002,310163.1666666667,54066.833333333336,9.5,599.0,217.923,0.19,310146.0,54457.0
2010-09-01,143.015,66076.66666666667,193.9,143.47566666666665,66076.66666666667,194.03333333333333,9.333333333333334,624.6666666666666,219.954,0.15000000000000002,310371.3333333333,54121.666666666664,9.5,594.0,218.275,0.19,310385.0,54513.0
2010-10-01,142.526,65995.0,193.8,142.9855,65995.0,194.5,9.275,626.0,220.26225,0.15500000000000003,310579.5,54176.5,9.4,543.0,219.035,0.19,310612.0,54569.0
2010-11-01,142.166,65913.33333333333,193.6,142.49533333333332,65913.33333333333,194.96666666666667,9.216666666666667,627.3333333333334,220.5705,0.16,310787.6666666667,54231.333333333336,9.8,545.0,219.59,0.19,310820.0,54493.0
2010-12-01,142.053,65831.66666666667,194.2,142.00516666666667,65831.66666666667,195.43333333333334,9.158333333333333,628.6666666666666,220.87875000000003,0.165,310995.8333333333,54286.166666666664,9.3,539.0,220.472,0.18,311020.0,54417.0
2011-01-01,141.515,65750.0,195.9,141.515,65750.0,195.9,9.1,630.0,221.187,0.17,311204.0,54341.0,9.1,630.0,221.187,0.17,311204.0,54341.0
2011-02-01,140.342,65749.16666666667,198.1,141.10558333333333,65749.16666666667,196.56666666666666,9.033333333333333,637.75,221.74158333333335,0.1625,311406.6666666667,54424.416666666664,9.0,517.0,221.898,0.16,311373.0,54430.666666666664
2011-03-01,139.974,65748.33333333333,199.7,140.69616666666667,65748.33333333333,197.23333333333335,8.966666666666667,645.5,222.2961666666667,0.155,311609.3333333333,54507.833333333336,9.0,600.0,223.046,0.14,311551.0,54520.333333333336
2011-04-01,140.006,65747.5,201.1,140.28674999999998,65747.5,197.9,8.9,653.25,222.85075,0.14750000000000002,311812.0,54591.25,9.1,554.0,224.093,0.1,311740.0,54610.0
2011-05-01,139.903,65746.66666666667,201.6,139.87733333333333,65746.66666666667,198.56666666666666,8.833333333333334,661.0,223.40533333333335,0.14,312014.6666666667,54674.666666666664,9.0,561.0,224.806,0.09,311935.0,54567.333333333336
2011-06-01,139.859,65745.83333333333,201.9,139.46791666666667,65745.83333333333,199.23333333333335,8.766666666666667,668.75,223.9599166666667,0.1325,312217.3333333333,54758.083333333336,9.1,608.0,224.806,0.09,312147.0,54524.666666666664
2011-07-01,139.72799999999998,65745.0,202.6,139.05849999999998,65745.0,199.9,8.7,676.5,224.5145,0.125,312420.0,54841.5,9.0,623.0,225.395,0.07,312372.0,54482.0
2011-08-01,139.306,65744.16666666667,202.8,138.64908333333332,65744.16666666667,200.56666666666666,8.633333333333333,684.25,225.06908333333334,0.11750000000000001,312622.6666666667,54924.916666666664,9.0,585.0,226.106,0.1,312605.0,54647.666666666664
2011-09-01,138.664,65743.33333333333,202.7,138.23966666666666,65743.33333333333,201.23333333333335,8.566666666666666,692.0,225.62366666666668,0.11000000000000001,312825.3333333333,55008.333333333336,9.0,650.0,226.597,0.08,312842.0,54813.333333333336
2011-10-01,137.947,65742.5,202.7,137.83025,65742.5,201.9,8.5,699.75,226.17825000000002,0.10250000000000001,313028.0,55091.75,8.8,610.0,226.75,0.07,313060.0,54979.0
2011-11-01,137.14600000000002,65741.66666666667,202.2,137.42083333333335,65741.66666666667,202.56666666666666,8.433333333333334,707.5,226.73283333333336,0.095,313230.6666666667,55175.166666666664,8.6,711.0,227.169,0.08,313260.0,55100.0
2011-12-01,136.668,65740.83333333333,202.2,137.01141666666666,65740.83333333333,203.23333333333335,8.366666666666667,715.25,227.28741666666667,0.08750000000000001,313433.3333333333,55258.583333333336,8.5,694.0,227.223,0.07,313454.0,55221.0
2012-01-01,136.602,65740.0,203.9,136.602,65740.0,203.9,8.3,723.0,227.842,0.08,313636.0,55342.0,8.3,723.0,227.842,0.08,313636.0,55342.0
2012-02-01,136.526,65946.66666666667,205.1,137.4535,65946.66666666667,204.275,8.275,736.75,228.16175,0.085,313836.1666666667,55385.083333333336,8.3,704.0,228.329,0.1,313811.0,55391.333333333336
2012-03-01,137.89700000000002,66153.33333333333,205.7,138.305,66153.33333333333,204.65,8.25,750.5,228.4815,0.09,314036.3333333333,55428.166666666664,8.2,695.0,228.807,0.13,313993.0,55440.666666666664
2012-04-01,139.148,66360.0,206.3,139.1565,66360.0,205.025,8.225000000000001,764.25,228.80125,0.095,314236.5,55471.25,8.2,753.0,229.187,0.14,314176.0,55490.0
2012-05-01,140.149,66566.66666666667,206.5,140.008,66566.66666666667,205.4,8.200000000000001,778.0,229.121,0.1,314436.6666666667,55514.333333333336,8.2,708.0,228.713,0.16,314368.0,55478.0
2012-06-01,141.02700000000002,66773.33333333333,206.6,140.8595,66773.33333333333,205.775,8.175,791.75,229.44075,0.10500000000000001,314636.8333333333,55557.416666666664,8.2,757.0,228.524,0.16,314576.0,55466.0
2012-07-01,141.668,66980.0,206.2,141.711,66980.0,206.15,8.15,805.5,229.7605,0.11000000000000001,314837.0,55600.5,8.2,740.0,228.59,0.16,314796.0,55454.0
2012-08-01,142.278,67186.66666666667,205.5,142.5625,67186.66666666667,206.525,8.125,819.25,230.08025,0.115,315037.1666666667,55643.583333333336,8.1,754.0,229.918,0.13,315031.0,55437.0
2012-09-01,142.905,67393.33333333333,206.6,143.414,67393.33333333333,206.9,8.1,833.0,230.4,0.12000000000000001,315237.3333333333,55686.666666666664,7.8,847.0,231.015,0.14,315264.0,55420.0
2012-10-01,143.595,67600.0,205.5,144.2655,67600.0,207.275,8.075,846.75,230.71975,0.125,315437.5,55729.75,7.8,915.0,231.638,0.16,315485.0,55403.0
2012-11-01,144.578,67806.66666666667,205.6,145.117,67806.66666666667,207.65,8.05,860.5,231.0395,0.13,315637.6666666667,55772.833333333336,7.7,833.0,231.249,0.16,315692.0,55555.0
2012-12-01,145.494,68013.33333333333,206.4,145.9685,68013.33333333333,208.025,8.025,874.25,231.35925,0.135,315837.8333333333,55815.916666666664,7.9,976.0,231.221,0.16,315877.0,55707.0
2013-01-01,146.82,68220.0,208.4,146.82,68220.0,208.4,8.0,888.0,231.679,0.14,316038.0,55859.0,8.0,888.0,231.679,0.14,316038.0,55859.0
2013-02-01,147.77700000000002,68148.33333333333,209.1,148.07866666666666,68148.33333333333,208.675,7.883333333333333,888.0,231.97975,0.13416666666666668,316240.1666666667,55899.5,7.7,962.0,232.937,0.15,316191.0,55877.333333333336
2013-03-01,149.957,68076.66666666667,209.8,149.33733333333333,68076.66666666667,208.95,7.766666666666667,888.0,232.28050000000002,0.12833333333333335,316442.3333333333,55940.0,7.5,1010.0,232.282,0.14,316357.0,55895.666666666664
2013-04-01,151.514,68005.0,210.7,150.596,68005.0,209.225,7.65,888.0,232.58125,0.12250000000000001,316644.5,55980.5,7.6,835.0,231.797,0.15,316535.0,55914.0
2013-05-01,152.846,67933.33333333333,209.5,151.85466666666667,67933.33333333333,209.5,7.533333333333333,888.0,232.882,0.11666666666666668,316846.6666666667,56021.0,7.5,930.0,231.893,0.11,316729.0,56033.333333333336
2013-06-01,154.196,67861.66666666667,208.8,153.11333333333334,67861.66666666667,209.775,7.416666666666666,888.0,233.18275,0.11083333333333334,317048.8333333333,56061.5,7.5,839.0,232.445,0.09,316934.0,56152.666666666664
2013-07-01,155.601,67790.0,208.3,154.372,67790.0,210.05,7.3,888.0,233.4835,0.10500000000000001,317251.0,56102.0,7.3,880.0,232.9,0.09,317156.0,56272.0
2013-08-01,156.957,67718.33333333333,208.9,155.63066666666666,67718.33333333333,210.325,7.183333333333334,888.0,233.78425000000001,0.09916666666666668,317453.1666666667,56142.5,7.2,917.0,233.456,0.08,317397.0,56395.333333333336
2013-09-01,158.22,67646.66666666667,208.9,156.88933333333333,67646.66666666667,210.6,7.066666666666666,888.0,234.085,0.09333333333333335,317655.3333333333,56183.0,7.2,850.0,233.544,0.08,317635.0,56518.666666666664
2013-10-01,159.238,67575.0,209.3,158.148,67575.0,210.875,6.949999999999999,888.0,234.38575,0.08750000000000001,317857.5,56223.5,7.2,925.0,233.669,0.09,317864.0,56642.0
2013-11-01,160.07399999999998,67503.33333333333,209.8,159.40666666666667,67503.33333333333,211.14999999999998,6.833333333333333,888.0,234.68650000000002,0.08166666666666668,318059.6666666667,56264.0,6.9,1100.0,234.1,0.08,318076.0,56543.0
2013-12-01,160.993,67431.66666666667,209.8,160.66533333333334,67431.66666666667,211.42499999999998,6.716666666666667,888.0,234.98725000000002,0.07583333333333335,318261.8333333333,56304.5,6.7,1002.0,234.719,0.09,318276.0,56444.0
2014-01-01,161.924,67360.0,211.7,161.924,67360.0,211.7,6.6,888.0,235.288,0.07,318464.0,56345.0,6.6,888.0,235.288,0.07,318464.0,56345.0
2014-02-01,162.52100000000002,67663.33333333333,212.7,162.48208333333335,67663.33333333333,212.04166666666666,6.5249999999999995,904.4166666666666,235.24291666666667,0.07333333333333333,318675.0833333333,56493.0,6.7,944.0,235.547,0.07,318642.0,56552.666666666664
2014-03-01,163.08,67966.66666666667,213.4,163.04016666666666,67966.66666666667,212.38333333333333,6.449999999999999,920.8333333333334,235.19783333333334,0.07666666666666667,318886.1666666667,56641.0,6.7,970.0,236.028,0.08,318827.0,56760.333333333336
2014-04-01,163.385,68270.0,213.6,163.59825,68270.0,212.725,6.375,937.25,235.15275000000003,0.08,319097.25,56789.0,6.2,1043.0,236.468,0.09,319020.0,56968.0
2014-05-01,163.651,68573.33333333333,214.3,164.15633333333332,68573.33333333333,213.06666666666666,6.3,953.6666666666666,235.1076666666667,0.08333333333333334,319308.3333333333,56937.0,6.3,1007.0,236.918,0.09,319225.0,57157.333333333336
2014-06-01,164.05900000000003,68876.66666666667,214.5,164.71441666666666,68876.66666666667,213.40833333333333,6.225,970.0833333333334,235.06258333333335,0.08666666666666667,319519.4166666667,57085.0,6.1,911.0,237.231,0.1,319438.0,57346.666666666664
2014-07-01,164.583,69180.0,214.8,165.27249999999998,69180.0,213.75,6.15,986.5,235.0175,0.09,319730.5,57233.0,6.2,1085.0,237.498,0.09,319670.0,57536.0
2014-08-01,165.207,69483.33333333333,215.5,165.83058333333332,69483.33333333333,214.09166666666667,6.075,1002.9166666666666,234.97241666666667,0.09333333333333334,319941.5833333333,57381.0,6.1,984.0,237.46,0.09,319919.0,57591.333333333336
2014-09-01,165.898,69786.66666666667,215.7,166.38866666666667,69786.66666666667,214.43333333333334,6.0,1019.3333333333334,234.92733333333334,0.09666666666666666,320152.6666666667,57529.0,5.9,1023.0,237.477,0.09,320166.0,57646.666666666664
2014-10-01,166.634,70090.0,215.9,166.94674999999998,70090.0,214.775,5.925,1035.75,234.88225,0.1,320363.75,57677.0,5.7,1074.0,237.43,0.09,320403.0,57702.0
2014-11-01,167.328,70393.33333333333,215.8,167.50483333333332,70393.33333333333,215.11666666666667,5.85,1052.1666666666667,234.8371666666667,0.10333333333333333,320574.8333333333,57825.0,5.8,1001.0,236.983,0.09,320616.0,57841.666666666664
2014-12-01,168.044,70696.66666666667,215.5,168.06291666666664,70696.66666666667,215.45833333333334,5.775,1068.5833333333333,234.79208333333335,0.10666666666666666,320785.9166666667,57973.0,5.6,1073.0,236.252,0.12,320815.0,57981.333333333336
2015-01-01,168.62099999999998,71000.0,215.8,168.62099999999998,71000.0,215.8,5.7,1085.0,234.747,0.11,320997.0,58121.0,5.7,1085.0,234.747,0.11,320997.0,58121.0
2015-02-01,169.11900000000003,71210.0,215.3,169.34016666666665,71210.0,215.43333333333334,5.625,1085.5833333333333,234.98908333333335,0.12916666666666668,321206.3333333333,58169.583333333336,5.5,886.0,235.342,0.11,321164.0,58206.0
2015-03-01,169.78900000000002,71420.0,215.0,170.0593333333333,71420.0,215.06666666666666,5.55,1086.1666666666667,235.23116666666667,0.14833333333333334,321415.6666666667,58218.166666666664,5.4,960.0,235.976,0.11,321344.0,58291.0
2015-04-01,170.28900000000002,71630.0,214.5,170.77849999999998,71630.0,214.70000000000002,5.475,1086.75,235.47325,0.1675,321625.0,58266.75,5.4,1190.0,236.222,0.12,321538.0,58376.0
2015-05-01,170.87099999999998,71840.0,213.7,171.49766666666665,71840.0,214.33333333333334,5.4,1087.3333333333333,235.71533333333335,0.18666666666666668,321834.3333333333,58315.333333333336,5.6,1079.0,237.001,0.12,321740.0,58412.666666666664
2015-06-01,171.46900000000002,72050.0,213.7,172.2168333333333,72050.0,213.96666666666667,5.325,1087.9166666666667,235.95741666666666,0.20583333333333334,322043.6666666667,58363.916666666664,5.3,1205.0,237.657,0.13,321954.0,58449.333333333336
2015-07-01,172.146,72260.0,213.7,172.93599999999998,72260.0,213.60000000000002,5.25,1088.5,236.1995,0.22500000000000003,322253.0,58412.5,5.2,1146.0,238.034,0.13,322186.0,58486.0
2015-08-01,172.923,72470.0,213.3,173.65516666666664,72470.0,213.23333333333335,5.175,1089.0833333333333,236.44158333333334,0.2441666666666667,322462.3333333333,58461.083333333336,5.1,1130.0,238.033,0.14,322427.0,58480.666666666664
2015-09-01,173.815,72680.0,212.5,174.3743333333333,72680.0,212.86666666666667,5.1,1089.6666666666667,236.68366666666665,0.26333333333333336,322671.6666666667,58509.666666666664,5.0,1224.0,237.498,0.14,322670.0,58475.333333333336
2015-10-01,174.778,72890.0,212.4,175.09349999999998,72890.0,212.5,5.025,1090.25,236.92575,0.28250000000000003,322881.0,58558.25,5.0,1058.0,237.733,0.12,322901.0,58470.0
2015-11-01,175.72299999999998,73100.0,211.7,175.81266666666664,73100.0,212.13333333333333,4.95,1090.8333333333333,237.16783333333333,0.3016666666666667,323090.3333333333,58606.833333333336,5.1,1172.0,238.017,0.12,323113.0,58548.0
2015-12-01,176.52700000000002,73310.0,210.9,176.5318333333333,73310.0,211.76666666666668,4.875,1091.4166666666667,237.40991666666665,0.32083333333333336,323299.6666666667,58655.416666666664,5.0,1146.0,237.761,0.24,323318.0,58626.0
2016-01-01,177.25099999999998,73520.0,211.4,177.25099999999998,73520.0,211.4,4.8,1092.0,237.652,0.34,323509.0,58704.0,4.8,1092.0,237.652,0.34,323509.0,58704.0
2016-02-01,177.635,73627.5,211.3,178.04549999999998,73627.5,211.89166666666668,4.791666666666666,1100.1666666666667,238.14916666666664,0.36583333333333334,323708.3333333333,58769.833333333336,4.9,1225.0,237.336,0.38,323687.0,58731.666666666664
2016-03-01,178.153,73735.0,211.6,178.83999999999997,73735.0,212.38333333333333,4.783333333333333,1108.3333333333333,238.64633333333333,0.3916666666666667,323907.6666666667,58835.666666666664,5.0,1111.0,238.08,0.36,323871.0,58759.333333333336
2016-04-01,178.75400000000002,73842.5,212.7,179.63449999999997,73842.5,212.875,4.775,1116.5,239.1435,0.41750000000000004,324107.0,58901.5,5.1,1163.0,238.992,0.37,324061.0,58787.0
2016-05-01,179.412,73950.0,213.7,180.42899999999997,73950.0,213.36666666666667,4.766666666666667,1124.6666666666667,239.64066666666665,0.44333333333333336,324306.3333333333,58967.333333333336,4.8,1148.0,239.557,0.37,324260.0,58886.0
2016-06-01,180.076,74057.5,214.6,181.22349999999997,74057.5,213.85833333333335,4.758333333333333,1132.8333333333333,240.13783333333333,0.4691666666666667,324505.6666666667,59033.166666666664,4.9,1203.0,240.222,0.38,324476.0,58985.0
2016-07-01,180.843,74165.0,215.3,182.01799999999997,74165.0,214.35000000000002,4.75,1141.0,240.635,0.495,324705.0,59099.0,4.8,1239.0,240.101,0.39,324697.0,59084.0
2016-08-01,181.828,74272.5,216.0,182.8125,74272.5,214.84166666666667,4.741666666666667,1149.1666666666667,241.13216666666665,0.5208333333333334,324904.3333333333,59164.833333333336,4.9,1171.0,240.545,0.4,324924.0,59154.666666666664
2016-09-01,182.804,74380.0,215.3,183.607,74380.0,215.33333333333334,4.733333333333333,1157.3333333333333,241.62933333333334,0.5466666666666666,325103.6666666667,59230.666666666664,5.0,1068.0,241.176,0.4,325155.0,59225.333333333336
2016-10-01,183.733,74487.5,214.8,184.4015,74487.5,215.82500000000002,4.725,1165.5,242.1265,0.5725,325303.0,59296.5,4.9,1313.0,241.741,0.4,325368.0,59296.0
2016-11-01,184.742,74595.0,214.5,185.196,74595.0,216.31666666666666,4.716666666666667,1173.6666666666667,242.62366666666665,0.5983333333333334,325502.3333333333,59362.333333333336,4.7,1140.0,242.026,0.41,325562.0,59362.0
2016-12-01,185.707,74702.5,215.5,185.9905,74702.5,216.80833333333334,4.708333333333334,1181.8333333333333,243.12083333333334,0.6241666666666668,325701.6666666667,59428.166666666664,4.7,1252.0,242.637,0.54,325742.0,59428.0
2017-01-01,186.785,74810.0,217.3,186.785,74810.0,217.3,4.7,1190.0,243.618,0.65,325901.0,59494.0,4.7,1190.0,243.618,0.65,325901.0,59494.0
2017-02-01,187.308,74891.66666666667,218.8,187.74433333333332,74891.66666666667,218.00833333333335,4.641666666666667,1199.0833333333333,244.05474999999998,0.7133333333333334,326073.3333333333,59627.25,4.6,1271.0,244.006,0.66,326050.0,59574.666666666664
2017-03-01,187.984,74973.33333333333,219.7,188.70366666666666,74973.33333333333,218.71666666666667,4.583333333333334,1208.1666666666667,244.4915,0.7766666666666666,326245.6666666667,59760.5,4.4,1190.0,243.892,0.79,326207.0,59655.333333333336
2017-04-01,188.712,75055.0,221.0,189.663,75055.0,219.425,4.525,1217.25,244.92825,0.84,326418.0,59893.75,4.4,1146.0,244.193,0.9,326371.0,59736.0
2017-05-01,189.597,75136.66666666667,221.7,190.62233333333333,75136.66666666667,220.13333333333335,4.466666666666667,1226.3333333333333,245.365,0.9033333333333333,326590.3333333333,60027.0,4.4,1157.0,244.004,0.91,326548.0,59857.0
2017-06-01,190.484,75218.33333333333,221.9,191.58166666666665,75218.33333333333,220.84166666666667,4.408333333333333,1235.4166666666667,245.80175,0.9666666666666667,326762.6666666667,60160.25,4.3,1249.0,244.163,1.04,326743.0,59978.0
2017-07-01,191.44099999999997,75300.0,221.9,192.541,75300.0,221.55,4.35,1244.5,246.2385,1.03,326935.0,60293.5,4.3,1206.0,244.243,1.15,326939.0,60099.0
2017-08-01,192.632,75381.66666666667,222.4,193.50033333333334,75381.66666666667,222.25833333333335,4.291666666666667,1253.5833333333333,246.67525,1.0933333333333333,327107.3333333333,60426.75,4.4,1159.0,245.183,1.16,327140.0,60290.666666666664
2017-09-01,193.729,75463.33333333333,223.1,194.45966666666666,75463.33333333333,222.96666666666667,4.233333333333333,1262.6666666666667,247.112,1.1566666666666667,327279.6666666667,60560.0,4.3,1181.0,246.435,1.15,327342.0,60482.333333333336
2017-10-01,194.778,75545.0,223.9,195.41899999999998,75545.0,223.675,4.175,1271.75,247.54875,1.22,327452.0,60693.25,4.2,1257.0,246.626,1.15,327528.0,60674.0
2017-11-01,195.933,75626.66666666667,223.9,196.37833333333333,75626.66666666667,224.38333333333335,4.116666666666667,1280.8333333333333,247.9855,1.2833333333333332,327624.3333333333,60826.5,4.2,1273.0,247.284,1.16,327699.0,60813.666666666664
2017-12-01,197.157,75708.33333333333,224.1,197.33766666666668,75708.33333333333,225.09166666666667,4.058333333333334,1289.9166666666667,248.42225000000002,1.3466666666666667,327796.6666666667,60959.75,4.1,1177.0,247.805,1.3,327848.0,60953.333333333336
2018-01-01,198.297,75790.0,225.8,198.297,75790.0,225.8,4.0,1299.0,248.859,1.41,327969.0,61093.0,4.0,1299.0,248.859,1.41,327969.0,61093.0
2018-02-01,199.23,76241.66666666667,228.7,198.9835,76241.66666666667,226.85833333333335,4.0,1292.9166666666667,249.16750000000002,1.4925,328118.75,61163.5,4.1,1277.0,249.529,1.42,328085.0,61174.0
2018-03-01,199.966,76693.33333333333,231.3,199.67,76693.33333333333,227.91666666666669,4.0,1286.8333333333333,249.476,1.575,328268.5,61234.0,4.0,1318.0,249.577,1.51,328219.0,61255.0
2018-04-01,200.652,77145.0,232.4,200.35649999999998,77145.0,228.97500000000002,4.0,1280.75,249.7845,1.6575,328418.25,61304.5,4.0,1276.0,250.227,1.69,328364.0,61336.0
2018-05-01,201.41,77596.66666666667,236.8,201.043,77596.66666666667,230.03333333333333,4.0,1274.6666666666667,250.09300000000002,1.74,328568.0,61375.0,3.8,1357.0,250.792,1.7,328521.0,61431.333333333336
2018-06-01,202.189,78048.33333333333,239.2,201.7295,78048.33333333333,231.09166666666667,4.0,1268.5833333333333,250.4015,1.8225,328717.75,61445.5,4.0,1192.0,251.018,1.82,328692.0,61526.666666666664
2018-07-01,202.878,78500.0,239.6,202.416,78500.0,232.15,4.0,1262.5,250.71,1.9049999999999998,328867.5,61516.0,3.8,1208.0,251.214,1.91,328863.0,61622.0
2018-08-01,203.65,78951.66666666667,239.4,203.1025,78951.66666666667,233.20833333333334,4.0,1256.4166666666667,251.01850000000002,1.9874999999999998,329017.25,61586.5,3.8,1288.0,251.663,1.91,329040.0,61621.0
2018-09-01,204.31,79403.33333333333,240.0,203.789,79403.33333333333,234.26666666666668,4.0,1250.3333333333333,251.327,2.07,329167.0,61657.0,3.7,1250.0,252.182,1.95,329216.0,61620.0
2018-10-01,205.076,79855.0,238.7,204.4755,79855.0,235.325,4.0,1244.25,251.6355,2.1525,329316.75,61727.5,3.8,1221.0,252.772,2.19,329379.0,61619.0
2018-11-01,205.652,80306.66666666667,238.8,205.162,80306.66666666667,236.38333333333333,4.0,1238.1666666666667,251.94400000000002,2.235,329466.5,61798.0,3.8,1181.0,252.594,2.2,329527.0,61725.666666666664
2018-12-01,206.145,80758.33333333333,238.3,205.8485,80758.33333333333,237.44166666666666,4.0,1232.0833333333333,252.2525,2.3175,329616.25,61868.5,3.9,1095.0,252.767,2.27,329659.0,61832.333333333336
2019-01-01,206.535,81210.0,238.5,206.535,81210.0,238.5,4.0,1226.0,252.561,2.4,329766.0,61939.0,4.0,1226.0,252.561,2.4,329766.0,61939.0
2019-02-01,206.86,81072.5,238.1,207.2445,81072.5,238.075,3.966666666666667,1255.5833333333333,253.10816666666668,2.3291666666666666,329905.75,61978.666666666664,3.8,1121.0,253.319,2.4,329862.0,62087.666666666664
2019-03-01,207.079,80935.0,238.1,207.954,80935.0,237.65,3.9333333333333336,1285.1666666666667,253.65533333333335,2.2583333333333333,330045.5,62018.333333333336,3.8,1191.0,254.277,2.41,329977.0,62236.333333333336
2019-04-01,207.532,80797.5,237.2,208.6635,80797.5,237.225,3.9,1314.75,254.20250000000001,2.1875,330185.25,62058.0,3.7,1272.0,255.233,2.42,330103.0,62385.0
2019-05-01,208.13,80660.0,237.3,209.373,80660.0,236.8,3.8666666666666667,1344.3333333333333,254.74966666666668,2.1166666666666667,330325.0,62097.666666666664,3.6,1293.0,255.296,2.39,330240.0,62597.333333333336
2019-06-01,208.568,80522.5,236.3,210.0825,80522.5,236.375,3.8333333333333335,1373.9166666666667,255.29683333333335,2.0458333333333334,330464.75,62137.333333333336,3.6,1243.0,255.213,2.38,330393.0,62809.666666666664
2019-07-01,209.18,80385.0,235.6,210.792,80385.0,235.95,3.8,1403.5,255.844,1.975,330604.5,62177.0,3.7,1240.0,255.802,2.4,330553.0,63022.0
2019-08-01,210.029,80247.5,234.4,211.5015,80247.5,235.525,3.7666666666666666,1433.0833333333333,256.39116666666666,1.9041666666666668,330744.25,62216.666666666664,3.6,1375.0,256.036,2.13,330729.0,63134.666666666664
2019-09-01,210.83,80110.0,234.4,212.211,80110.0,235.1,3.7333333333333334,1462.6666666666667,256.93833333333333,1.8333333333333335,330884.0,62256.333333333336,3.5,1311.0,256.43,2.04,330904.0,63247.333333333336
2019-10-01,211.73,79972.5,233.8,212.9205,79972.5,234.675,3.7,1492.25,257.4855,1.7625000000000002,331023.75,62296.0,3.6,1325.0,257.155,1.83,331066.0,63360.0
2019-11-01,212.774,79835.0,232.8,213.63,79835.0,234.25,3.666666666666667,1521.8333333333333,258.03266666666667,1.6916666666666669,331163.5,62335.666666666664,3.6,1353.0,257.879,1.55,331213.0,63045.0
2019-12-01,213.95,79697.5,232.2,214.33950000000002,79697.5,233.82500000000002,3.6333333333333333,1551.4166666666665,258.57983333333334,1.6208333333333336,331303.25,62375.333333333336,3.6,1548.0,258.63,1.55,331345.0,62730.0
2020-01-01,215.049,79560.0,233.4,215.049,79560.0,233.4,3.6,1581.0,259.127,1.55,331443.0,62415.0,3.6,1581.0,259.127,1.55,331443.0,62415.0
2020-02-01,215.91099999999997,79535.0,234.6,217.10641666666666,79535.0,235.31666666666666,3.8333333333333335,1585.0833333333333,259.41966666666667,1.4283333333333335,331494.25,62498.583333333336,3.5,1549.0,259.25,1.58,331525.0,60756.666666666664
2020-03-01,216.457,79510.0,236.3,219.16383333333334,79510.0,237.23333333333335,4.066666666666666,1589.1666666666667,259.71233333333333,1.3066666666666666,331545.5,62582.166666666664,4.4,1266.0,258.076,0.65,331667.0,59098.333333333336
2020-04-01,216.846,79485.0,234.3,221.22125,79485.0,239.15,4.3,1593.25,260.005,1.185,331596.75,62665.75,14.8,936.0,256.032,0.05,331750.0,57440.0
2020-05-01,216.94099999999997,79460.0,233.3,223.27866666666668,79460.0,241.06666666666666,4.533333333333333,1597.3333333333333,260.29766666666666,1.0633333333333335,331648.0,62749.333333333336,13.2,1039.0,255.802,0.05,331751.0,58928.666666666664
2020-06-01,217.46400000000003,79435.0,234.8,225.33608333333333,79435.0,242.98333333333332,4.766666666666667,1601.4166666666667,260.5903333333333,0.9416666666666668,331699.25,62832.916666666664,11.0,1266.0,257.042,0.08,331795.0,60417.333333333336
2020-07-01,219.172,79410.0,237.0,227.39350000000002,79410.0,244.89999999999998,5.0,1605.5,260.88300000000004,0.8200000000000001,331750.5,62916.5,10.2,1526.0,258.352,0.09,331861.0,61906.0
2020-08-01,222.272,79385.0,240.9,229.45091666666667,79385.0,246.81666666666666,5.233333333333333,1609.5833333333333,261.1756666666667,0.6983333333333335,331801.75,63000.083333333336,8.4,1396.0,259.316,0.1,331936.0,62118.666666666664
2020-09-01,225.717,79360.0,246.9,231.50833333333333,79360.0,248.73333333333332,5.466666666666667,1613.6666666666667,261.46833333333336,0.5766666666666668,331853.0,63083.666666666664,7.8,1473.0,259.997,0.09,332017.0,62331.333333333336
2020-10-01,229.666,79335.0,246.4,233.56575,79335.0,250.64999999999998,5.7,1617.75,261.761,0.45500000000000007,331904.25,63167.25,6.9,1543.0,260.319,0.09,332092.0,62544.0
2020-11-01,233.25,79310.0,244.3,235.62316666666666,79310.0,252.56666666666666,5.933333333333334,1621.8333333333333,262.0536666666667,0.3333333333333335,331955.5,63250.833333333336,6.7,1543.0,260.911,0.09,332129.0,62835.333333333336
2020-12-01,236.587,79285.0,248.0,237.68058333333335,79285.0,254.48333333333332,6.166666666666667,1625.9166666666667,262.34633333333335,0.2116666666666669,332006.75,63334.416666666664,6.7,1614.0,262.045,0.09,332113.0,63126.666666666664
2021-01-01,239.738,79260.0,256.4,239.738,79260.0,256.4,6.4,1630.0,262.639,0.09,332058.0,63418.0,6.4,1630.0,262.639,0.09,332058.0,63418.0
2021-02-01,242.477,79116.66666666667,264.6,243.61858333333333,79116.66666666667,263.84516666666667,6.2,1636.0,264.29758333333336,0.08916666666666666,332166.5,63606.833333333336,6.2,1404.0,263.573,0.08,332034.0,63739.666666666664
2021-03-01,245.546,78973.33333333333,276.7,247.49916666666667,78973.33333333333,271.2903333333333,6.0,1642.0,265.95616666666666,0.08833333333333333,332275.0,63795.666666666664,6.1,1696.0,264.847,0.07,332074.0,64061.333333333336
2021-04-01,249.078,78830.0,291.8,251.37975,78830.0,278.7355,5.800000000000001,1648.0,267.61475,0.0875,332383.5,63984.5,6.1,1495.0,266.625,0.07,332140.0,64383.0
2021-05-01,253.251,78686.66666666667,305.9,255.26033333333334,78686.66666666667,286.18066666666664,5.6000000000000005,1654.0,269.2733333333333,0.08666666666666667,332492.0,64173.333333333336,5.8,1589.0,268.404,0.06,332212.0,64538.666666666664
2021-06-01,258.018,78543.33333333333,315.7,259.14091666666667,78543.33333333333,293.62583333333333,5.4,1660.0,270.93191666666667,0.08583333333333333,332600.5,64362.166666666664,5.9,1650.0,270.71,0.08,332299.0,64694.333333333336
2021-07-01,262.384,78400.0,313.542,263.0215,78400.0,301.071,5.2,1666.0,272.5905,0.08499999999999999,332709.0,64551.0,5.4,1597.0,271.965,0.1,332455.0,64850.0
2021-08-01,266.58299999999997,78256.66666666667,313.083,266.90208333333334,78256.66666666667,308.51616666666666,5.0,1672.0,274.2490833333333,0.08416666666666667,332817.5,64739.833333333336,5.1,1594.0,272.752,0.09,332644.0,65208.333333333336
2021-09-01,270.153,78113.33333333333,317.136,270.78266666666667,78113.33333333333,315.96133333333336,4.8,1678.0,275.90766666666667,0.08333333333333333,332926.0,64928.666666666664,4.7,1577.0,273.942,0.08,332805.0,65566.66666666667
2021-10-01,273.61400000000003,77970.0,322.12,274.66325,77970.0,323.4065,4.6,1684.0,277.56624999999997,0.0825,333034.5,65117.5,4.5,1579.0,276.528,0.08,332961.0,65925.0
2021-11-01,277.377,77826.66666666667,328.94,278.54383333333334,77826.66666666667,330.8516666666667,4.4,1690.0,279.2248333333333,0.08166666666666667,333143.0,65306.333333333336,4.2,1705.0,278.824,0.08,333117.0,65844.66666666667
2021-12-01,281.623,77683.33333333333,335.032,282.4244166666667,77683.33333333333,338.2968333333333,4.199999999999999,1696.0,280.8834166666666,0.08083333333333334,333251.5,65495.166666666664,3.9,1722.0,280.806,0.08,333260.0,65764.33333333333
2022-01-01,286.305,77540.0,345.742,286.305,77540.0,345.742,4.0,1702.0,282.542,0.08,333360.0,65684.0,4.0,1702.0,282.542,0.08,333360.0,65684.0
2022-02-01,291.362,77795.83333333333,343.583,287.2526666666667,77795.83333333333,344.20833333333337,3.9583333333333335,1673.5833333333333,284.0348333333333,0.4341666666666667,333563.9166666667,65766.41666666667,3.8,1735.0,284.525,0.08,333457.0,65666.33333333333
2022-03-01,296.534,78051.66666666667,345.852,288.20033333333333,78051.66666666667,342.67466666666667,3.9166666666666665,1645.1666666666667,285.5276666666666,0.7883333333333333,333767.8333333333,65848.83333333333,3.7,1712.0,287.467,0.2,333610.0,65648.66666666667
2022-04-01,300.42400000000004,78307.5,343.786,289.148,78307.5,341.141,3.875,1616.75,287.02049999999997,1.1425,333971.75,65931.25,3.7,1820.0,288.582,0.33,333792.0,65631.0
2022-05-01,303.3,78563.33333333333,353.015,290.09566666666666,78563.33333333333,339.6073333333334,3.8333333333333335,1588.3333333333333,288.5133333333333,1.4966666666666668,334175.6666666667,66013.66666666667,3.6,1531.0,291.299,0.77,333976.0,65733.66666666667
2022-06-01,304.03,78819.16666666667,349.8,291.04333333333335,78819.16666666667,338.07366666666667,3.7916666666666665,1559.9166666666667,290.0061666666667,1.8508333333333336,334379.5833333333,66096.08333333333,3.6,1551.0,295.072,1.21,334168.0,65836.33333333333
2022-07-01,303.10900000000004,79075.0,346.79,291.991,79075.0,336.54,3.75,1531.5,291.499,2.205,334583.5,66178.5,3.5,1381.0,294.94,1.68,334393.0,65939.0
2022-08-01,300.995,79330.83333333333,342.753,292.9386666666667,79330.83333333333,335.0063333333334,3.7083333333333335,1503.0833333333333,292.9918333333333,2.559166666666667,334787.4166666667,66260.91666666667,3.6,1531.0,295.162,2.33,334652.0,66073.0
2022-09-01,299.014,79586.66666666667,336.464,293.88633333333337,79586.66666666667,333.47266666666667,3.6666666666666665,1474.6666666666667,294.48466666666667,2.9133333333333336,334991.3333333333,66343.33333333333,3.5,1488.0,296.421,2.56,334912.0,66207.0
2022-10-01,298.77,79842.5,333.796,294.834,79842.5,331.939,3.625,1446.25,295.9775,3.2675,335195.25,66425.75,3.6,1435.0,297.979,3.08,335155.0,66341.0
2022-11-01,298.574,80098.33333333333,330.369,295.7816666666667,80098.33333333333,330.4053333333334,3.5833333333333335,1417.8333333333333,297.4703333333333,3.621666666666667,335399.1666666667,66508.16666666667,3.6,1424.0,298.708,3.78,335386.0,66451.66666666667
2022-12-01,297.893,80354.16666666667,326.449,296.72933333333333,80354.16666666667,328.87166666666667,3.5416666666666665,1389.4166666666665,298.96316666666667,3.9758333333333336,335603.0833333333,66590.58333333333,3.5,1308.0,298.808,4.1,335604.0,66562.33333333333
2023-01-01,297.677,80610.0,327.338,297.677,80610.0,327.338,3.5,1361.0,300.456,4.33,335807.0,66673.0,3.5,1361.0,300.456,4.33,335807.0,66673.0
2023-02-01,298.093,80610.0,330.532,297.677,80610.0,327.338,3.5,1361.0,300.456,4.33,335807.0,66673.0,3.6,1399.0,301.476,4.57,336015.0,66763.66666666667
2023-03-01,299.072,80610.0,331.729,297.677,80610.0,327.338,3.5,1361.0,300.456,4.33,335807.0,66673.0,3.5,1377.0,301.643,4.65,336232.0,66854.33333333333
2023-04-01,300.269,80610.0,333.366,297.677,80610.0,327.338,3.5,1361.0,300.456,4.33,335807.0,66673.0,3.4,1354.0,302.858,4.83,336451.0,66945.0
2023-05-01,302.14,80610.0,337.473,297.677,80610.0,327.338,3.5,1361.0,300.456,4.33,335807.0,66673.0,3.6,1584.0,303.316,5.06,336679.0,67129.66666666667
2023-06-01,304.038,80610.0,337.336,297.677,80610.0,327.338,3.5,1361.0,300.456,4.33,335807.0,66673.0,3.6,1421.0,304.099,5.08,336925.0,67314.33333333333
2023-07-01,306.243,80610.0,334.512,297.677,80610.0,327.338,3.5,1361.0,300.456,4.33,335807.0,66673.0,3.5,1460.0,304.615,5.12,337200.0,67499.0
2023-08-01,309.045,80610.0,333.794,297.677,80610.0,327.338,3.5,1361.0,300.456,4.33,335807.0,66673.0,3.7,1317.0,306.138,5.33,337501.0,67618.66666666667
2023-09-01,311.176,80610.0,332.098,297.677,80610.0,327.338,3.5,1361.0,300.456,4.33,335807.0,66673.0,3.8,1371.0,307.374,5.33,337800.0,67738.33333333333
2023-10-01,313.262,80610.0,328.743,297.677,80610.0,327.338,3.5,1361.0,300.456,4.33,335807.0,66673.0,3.9,1368.0,307.653,5.33,338088.0,67858.0
2023-11-01,314.268,80610.0,326.844,297.677,80610.0,327.338,3.5,1361.0,300.456,4.33,335807.0,66673.0,3.7,1514.0,308.087,5.33,338366.0,67899.0
2023-12-01,315.075,80610.0,327.644,297.677,80610.0,327.338,3.5,1361.0,300.456,4.33,335807.0,66673.0,3.8,1521.0,308.735,5.33,338626.0,67940.0
2024-01-01,316.29900000000004,80610.0,334.374,297.677,80610.0,327.338,3.5,1361.0,300.456,4.33,335807.0,66673.0,3.7,1381.0,309.794,5.33,338867.0,67981.0
2024-02-01,317.746,80610.0,337.766,297.677,80610.0,327.338,3.5,1361.0,300.456,4.33,335807.0,66673.0,3.9,1552.0,311.022,5.33,339114.0,68094.0
2024-03-01,318.66900000000004,80610.0,330.963,297.677,80610.0,327.338,3.5,1361.0,300.456,4.33,335807.0,66673.0,3.9,1312.0,312.107,5.33,339378.0,68207.0
2024-04-01,319.337,80610.0,330.135,297.677,80610.0,327.338,3.5,1361.0,300.456,4.33,335807.0,66673.0,3.9,1385.0,313.016,5.33,339648.0,68320.0
2024-05-01,320.066,80610.0,329.435,297.677,80610.0,327.338,3.5,1361.0,300.456,4.33,335807.0,66673.0,4.0,1316.0,313.14,5.33,339927.0,68445.33333333333
2024-06-01,320.543,80610.0,328.304,297.677,80610.0,327.338,3.5,1361.0,300.456,4.33,335807.0,66673.0,4.1,1327.0,313.131,5.33,340213.0,68570.66666666667
2024-07-01,321.219,80610.0,325.556,297.677,80610.0,327.338,3.5,1361.0,300.456,4.33,335807.0,66673.0,4.2,1265.0,313.566,5.33,340448.0,68696.0
2024-08-01,322.282,80610.0,324.65,297.677,80610.0,327.338,3.5,1361.0,300.456,4.33,335807.0,66673.0,4.2,1391.0,314.131,5.33,340637.0,68799.33333333333
2024-09-01,323.282,80610.0,324.1,297.677,80610.0,327.338,3.5,1361.0,300.456,4.33,335807.0,66673.0,4.1,1357.0,314.851,5.13,340825.0,68902.66666666667
2024-10-01,324.466,80610.0,325.428,297.677,80610.0,327.338,3.5,1361.0,300.456,4.33,335807.0,66673.0,4.1,1352.0,315.564,4.83,341002.0,69006.0
2024-11-01,326.006,80610.0,326.929,297.677,80610.0,327.338,3.5,1361.0,300.456,4.33,335807.0,66673.0,4.2,1295.0,316.449,4.64,341169.0,68963.33333333333
2024-12-01,327.68,80610.0,324.621,297.677,80610.0,327.338,3.5,1361.0,300.456,4.33,335807.0,66673.0,4.1,1514.0,317.603,4.48,341320.0,68920.66666666667
2025-01-01,329.481,80610.0,325.997,297.677,80610.0,327.338,3.5,1361.0,300.456,4.33,335807.0,66673.0,4.0,1358.0,319.086,4.33,341454.0,68878.0
2025-02-01,330.384,80610.0,328.824,297.677,80610.0,327.338,3.5,1361.0,300.456,4.33,335807.0,66673.0,4.1,1490.0,319.775,4.33,341588.0,68878.0
2025-03-01,329.39300000000003,80610.0,334.683,297.677,80610.0,327.338,3.5,1361.0,300.456,4.33,335807.0,66673.0,4.2,1339.0,319.615,4.33,341729.0,68878.0
